<?xml version="1.0" encoding="utf-8" ?>
<!DOCTYPE mapper PUBLIC "-//mybatis.org//DTD Mapper 3.0//EN"
        "http://mybatis.org/dtd/mybatis-3-mapper.dtd" >
<mapper namespace="com.shangtao.mart.admin.dao.RecommendsDao">

    <select id="searchGoods" resultType="java.util.Map">
        SELECT g.goodsName,s.shopName,g.goodsId
        FROM wst_goods as g
        inner join wst_shops as s on g.shopId=s.shopId
        where
        g.dataFlag = 1
        and g.isSale = 1
        and g.goodsStatus = 1
        and goodsCatIdPath LIKE concat(#{params.goodsCatIdPath},'_%')
        <if test="params.key != '' and params.key != null">
            and CONCAT(goodsName,goodsSn,productNo,shopName) LIKE concat('%',#{params.key},'%')
        </if>
    </select>

    <select id="listQueryByGoods" resultType="java.util.Map">
        SELECT dataId,goodsName,shopName,dataSort,isSale,g.dataFlag,goodsStatus
        FROM
        wst_recommends as r
        inner join wst_goods as g on r.dataId=g.goodsId
        inner join wst_shops as s on s.shopId=g.shopId
        where
        dataSrc = 0
        and isSale = 1
        and g.dataFlag = 1
        and goodsStatus = 1
        <if test="params.goodsCatId != '' and params.goodsCatId != null or params.goodsCatId == 0">
            and r.goodsCatId = #{params.goodsCatId}
        </if>
        and dataType = #{params.dataType}
        order by dataSort asc
    </select>

    <insert id="insertBatchGoods">
        insert into wst_recommends(goodsCatId,dataType,dataSrc,dataId,dataSort)
        values
        <foreach collection="recommends" item="recommend" index= "index" separator=",">
            (
            #{recommend.goodsCatId},
            #{recommend.dataType},
            #{recommend.dataSrc},
            #{recommend.dataId},
            #{recommend.dataSort}
            )
        </foreach>
    </insert>

</mapper>